{"cameraMode":{"drawMode":0,"name":"Shaded","section":"Shading Mode"},"sceneLighting":false,"audioPlay":false,"sceneViewState":{"m_AlwaysRefresh":false,"showFog":true,"showSkybox":false,"showFlares":true,"showImageEffects":true,"showParticleSystems":true,"showVisualEffectGraphs":true,"m_FxEnabled":true},"in2DMode":false,"pivot":{"x":0.0009999275207519532,"y":-0.9079999923706055,"z":-8.710000038146973},"rotation":{"x":-0.0030000372789800169,"y":-0.0023982347920536997,"z":-0.000007225863100757124,"w":0.9999932646751404},"size":1.6724684238433838,"orthographic":false}