{"cameraMode":{"drawMode":0,"name":"Shaded","section":"Shading Mode"},"sceneLighting":false,"audioPlay":false,"sceneViewState":{"m_AlwaysRefresh":false,"showFog":true,"showSkybox":false,"showFlares":true,"showImageEffects":true,"showParticleSystems":true,"showVisualEffectGraphs":true,"m_FxEnabled":true},"in2DMode":false,"pivot":{"x":-2.8826777935028078,"y":-6.022222995758057,"z":12.489789009094239},"rotation":{"x":0.08785518258810044,"y":-0.10885374993085861,"z":0.009659160859882832,"w":0.9901210069656372},"size":0.8660253882408142,"orthographic":false}