{"cameraMode":{"drawMode":0,"name":"Shaded","section":"Shading Mode"},"sceneLighting":false,"audioPlay":false,"sceneViewState":{"m_AlwaysRefresh":false,"showFog":true,"showSkybox":false,"showFlares":true,"showImageEffects":true,"showParticleSystems":true,"showVisualEffectGraphs":true,"m_FxEnabled":true},"in2DMode":false,"pivot":{"x":-1.5814622640609742,"y":0.36162063479423525,"z":-2.0964584350585939},"rotation":{"x":0.07232501357793808,"y":-0.1726558953523636,"z":0.012713112868368626,"w":0.9822410345077515},"size":0.7044767141342163,"orthographic":false}